id_comune,denominazione,datetime,positivi,positivi_1000
103079,Valle Cannobina,2021-02-16 18:30:00,0,0.0
103078,Borgomezzavalle,2021-02-16 18:30:00,0,0.0
103077,Vogogna,2021-02-16 18:30:00,1,0.57
103076,Villette,2021-02-16 18:30:00,1,3.6
103075,Villadossola,2021-02-16 18:30:00,22,3.37
103074,Vignone,2021-02-16 18:30:00,2,1.67
103072,Verbania,2021-02-16 18:30:00,95,3.11
103071,Varzo,2021-02-16 18:30:00,2,0.99
103070,Vanzone con San Carlo,2021-02-16 18:30:00,0,0.0
103069,Valstrona,2021-02-16 18:30:00,1,0.82
103068,Trontano,2021-02-16 18:30:00,8,4.79
103067,Trasquera,2021-02-16 18:30:00,0,0.0
103066,Trarego Viggiona,2021-02-16 18:30:00,3,7.19
103065,Toceno,2021-02-16 18:30:00,2,2.74
103064,Stresa,2021-02-16 18:30:00,14,2.87
103062,Santa Maria Maggiore,2021-02-16 18:30:00,4,3.1
103061,San Bernardino Verbano,2021-02-16 18:30:00,2,1.52
103060,Re,2021-02-16 18:30:00,21,28.53
103059,Quarna Sotto,2021-02-16 18:30:00,0,0.0
103058,Quarna Sopra,2021-02-16 18:30:00,0,0.0
103057,Premosello-Chiovenda,2021-02-16 18:30:00,4,2.06
103056,Premia,2021-02-16 18:30:00,0,0.0
103055,Premeno,2021-02-16 18:30:00,0,0.0
103054,Pieve Vergonte,2021-02-16 18:30:00,6,2.38
103053,Piedimulera,2021-02-16 18:30:00,6,3.94
103052,Pallanzeno,2021-02-16 18:30:00,3,2.61
103051,Ornavasso,2021-02-16 18:30:00,10,2.91
103050,Omegna,2021-02-16 18:30:00,29,1.91
103049,Oggebbio,2021-02-16 18:30:00,0,0.0
103048,Nonio,2021-02-16 18:30:00,1,1.16
103047,Montescheno,2021-02-16 18:30:00,0,0.0
103046,Montecrestese,2021-02-16 18:30:00,2,1.57
103045,Miazzina,2021-02-16 18:30:00,5,13.09
103044,Mergozzo,2021-02-16 18:30:00,7,3.23
103043,Massiola,2021-02-16 18:30:00,1,7.94
103042,Masera,2021-02-16 18:30:00,1,0.68
103041,Malesco,2021-02-16 18:30:00,4,2.9
103040,Madonna del Sasso,2021-02-16 18:30:00,0,0.0
103039,Macugnaga,2021-02-16 18:30:00,1,1.85
103038,Loreglia,2021-02-16 18:30:00,0,0.0
103037,Intragna,2021-02-16 18:30:00,0,0.0
103036,Gurro,2021-02-16 18:30:00,0,0.0
103035,Gravellona Toce,2021-02-16 18:30:00,19,2.43
103034,Gignese,2021-02-16 18:30:00,4,3.82
103033,Ghiffa,2021-02-16 18:30:00,7,2.97
103032,Germagno,2021-02-16 18:30:00,0,0.0
103031,Formazza,2021-02-16 18:30:00,0,0.0
103029,Druogno,2021-02-16 18:30:00,0,0.0
103028,Domodossola,2021-02-16 18:30:00,59,3.25
103026,Crodo,2021-02-16 18:30:00,2,1.43
103025,Crevoladossola,2021-02-16 18:30:00,7,1.52
103024,Craveggia,2021-02-16 18:30:00,6,7.87
103023,Cossogno,2021-02-16 18:30:00,0,0.0
103022,Cesara,2021-02-16 18:30:00,0,0.0
103021,Ceppo Morelli,2021-02-16 18:30:00,0,0.0
103019,Casale Corte Cerro,2021-02-16 18:30:00,20,5.77
103018,Caprezzo,2021-02-16 18:30:00,1,5.92
103017,Cannobio,2021-02-16 18:30:00,4,0.78
103016,Cannero Riviera,2021-02-16 18:30:00,0,0.0
103015,Cambiasca,2021-02-16 18:30:00,6,3.7
103014,Calasca-Castiglione,2021-02-16 18:30:00,0,0.0
103013,Brovello-Carpugnino,2021-02-16 18:30:00,2,2.81
103012,Bognanco,2021-02-16 18:30:00,0,0.0
103011,Beura-Cardezza,2021-02-16 18:30:00,3,2.04
103010,Belgirate,2021-02-16 18:30:00,1,1.99
103009,Bee,2021-02-16 18:30:00,1,1.32
103008,Baveno,2021-02-16 18:30:00,5,1.02
103007,Bannio Anzino,2021-02-16 18:30:00,1,2.09
103006,Baceno,2021-02-16 18:30:00,9,10.03
103005,Aurano,2021-02-16 18:30:00,0,0.0
103004,Arola,2021-02-16 18:30:00,0,0.0
103003,Arizzano,2021-02-16 18:30:00,5,2.49
103002,Anzola d'Ossola,2021-02-16 18:30:00,0,0.0
103001,Antrona Schieranco,2021-02-16 18:30:00,0,0.0
096088,Valdilana,2021-02-16 18:30:00,13,1.2
096087,Quaregna Cerreto,2021-02-16 18:30:00,5,2.45
096086,Campiglia Cervo,2021-02-16 18:30:00,1,1.99
096085,Lessona,2021-02-16 18:30:00,5,1.84
096083,Zumaglia,2021-02-16 18:30:00,1,0.98
096082,Zubiena,2021-02-16 18:30:00,4,3.48
096081,Zimone,2021-02-16 18:30:00,0,0.0
096080,Viverone,2021-02-16 18:30:00,2,1.42
096079,Villanova Biellese,2021-02-16 18:30:00,0,0.0
096078,Villa del Bosco,2021-02-16 18:30:00,2,5.97
096077,Vigliano Biellese,2021-02-16 18:30:00,14,1.83
096076,Verrone,2021-02-16 18:30:00,5,4.01
096075,Veglio,2021-02-16 18:30:00,0,0.0
096074,Valle San Nicolao,2021-02-16 18:30:00,0,0.0
096072,Vallanzengo,2021-02-16 18:30:00,0,0.0
096071,Valdengo,2021-02-16 18:30:00,3,1.22
096069,Torrazzo,2021-02-16 18:30:00,0,0.0
096068,Tollegno,2021-02-16 18:30:00,1,0.41
096067,Ternengo,2021-02-16 18:30:00,0,0.0
096066,Tavigliano,2021-02-16 18:30:00,1,1.08
096065,Strona,2021-02-16 18:30:00,0,0.0
096064,Sostegno,2021-02-16 18:30:00,3,3.9
096063,Sordevolo,2021-02-16 18:30:00,1,0.75
096059,Sandigliano,2021-02-16 18:30:00,4,1.5
096058,Salussola,2021-02-16 18:30:00,3,1.56
096057,Sala Biellese,2021-02-16 18:30:00,3,5.07
096056,Sagliano Micca,2021-02-16 18:30:00,3,1.87
096055,Rosazza,2021-02-16 18:30:00,0,0.0
096054,Roppolo,2021-02-16 18:30:00,0,0.0
096053,Ronco Biellese,2021-02-16 18:30:00,0,0.0
096050,Pray,2021-02-16 18:30:00,2,0.95
096049,Pralungo,2021-02-16 18:30:00,2,0.84
096048,Portula,2021-02-16 18:30:00,0,0.0
096047,Ponderano,2021-02-16 18:30:00,5,1.32
096046,Pollone,2021-02-16 18:30:00,4,1.89
096044,Piedicavallo,2021-02-16 18:30:00,0,0.0
096043,Piatto,2021-02-16 18:30:00,0,0.0
096042,Pettinengo,2021-02-16 18:30:00,1,0.66
096041,Occhieppo Superiore,2021-02-16 18:30:00,4,1.49
096040,Occhieppo Inferiore,2021-02-16 18:30:00,2,0.51
096039,Netro,2021-02-16 18:30:00,0,0.0
096038,Muzzano,2021-02-16 18:30:00,0,0.0
096037,Mottalciata,2021-02-16 18:30:00,2,1.48
096035,Mongrando,2021-02-16 18:30:00,3,0.79
096034,Miagliano,2021-02-16 18:30:00,1,1.75
096033,Mezzana Mortigliengo,2021-02-16 18:30:00,1,2.0
096032,Masserano,2021-02-16 18:30:00,7,3.34
096031,Massazza,2021-02-16 18:30:00,1,1.8
096030,Magnano,2021-02-16 18:30:00,0,0.0
096028,Graglia,2021-02-16 18:30:00,0,0.0
096027,Gifflenga,2021-02-16 18:30:00,0,0.0
096026,Gaglianico,2021-02-16 18:30:00,6,1.61
096025,Dorzano,2021-02-16 18:30:00,0,0.0
096024,Donato,2021-02-16 18:30:00,1,1.39
096023,Curino,2021-02-16 18:30:00,1,2.08
096021,Crevacuore,2021-02-16 18:30:00,2,1.34
096020,Cossato,2021-02-16 18:30:00,17,1.17
096019,Coggiola,2021-02-16 18:30:00,5,2.78
096018,Cerrione,2021-02-16 18:30:00,7,2.43
096016,Cavaglià,2021-02-16 18:30:00,1,0.28
096015,Castelletto Cervo,2021-02-16 18:30:00,2,2.44
096014,Casapinta,2021-02-16 18:30:00,1,2.39
096013,Caprile,2021-02-16 18:30:00,0,0.0
096012,Candelo,2021-02-16 18:30:00,5,0.66
096010,Camburzano,2021-02-16 18:30:00,2,1.73
096009,Camandona,2021-02-16 18:30:00,4,11.49
096008,Callabiana,2021-02-16 18:30:00,0,0.0
096007,Brusnengo,2021-02-16 18:30:00,1,0.5
096006,Borriana,2021-02-16 18:30:00,4,4.57
096005,Bioglio,2021-02-16 18:30:00,0,0.0
096004,Biella,2021-02-16 18:30:00,117,2.66
096003,Benna,2021-02-16 18:30:00,3,2.56
096002,Andorno Micca,2021-02-16 18:30:00,5,1.57
096001,Ailoche,2021-02-16 18:30:00,1,3.06
006193,Lu e Cuccaro Monferrato,2021-02-16 18:30:00,1,0.71
006192,Alluvioni Piovera,2021-02-16 18:30:00,1,0.58
006191,Cassano Spinola,2021-02-16 18:30:00,1,0.55
006190,Voltaggio,2021-02-16 18:30:00,1,1.41
006189,Volpeglino,2021-02-16 18:30:00,0,0.0
006188,Volpedo,2021-02-16 18:30:00,0,0.0
006187,Visone,2021-02-16 18:30:00,3,2.43
006186,Villaromagnano,2021-02-16 18:30:00,2,2.99
006185,Villanova Monferrato,2021-02-16 18:30:00,0,0.0
006184,Villamiroglio,2021-02-16 18:30:00,0,0.0
006183,Villalvernia,2021-02-16 18:30:00,0,0.0
006182,Villadeati,2021-02-16 18:30:00,0,0.0
006181,Viguzzolo,2021-02-16 18:30:00,6,1.94
006180,Vignole Borbera,2021-02-16 18:30:00,8,3.87
006179,Vignale Monferrato,2021-02-16 18:30:00,0,0.0
006178,Valmacca,2021-02-16 18:30:00,0,0.0
006177,Valenza,2021-02-16 18:30:00,25,1.34
006176,Trisobbio,2021-02-16 18:30:00,0,0.0
006175,Treville,2021-02-16 18:30:00,1,3.57
006174,Tortona,2021-02-16 18:30:00,29,1.06
006173,Ticineto,2021-02-16 18:30:00,0,0.0
006172,Terzo,2021-02-16 18:30:00,3,3.53
006171,Terruggia,2021-02-16 18:30:00,19,20.47
006170,Tassarolo,2021-02-16 18:30:00,0,0.0
006169,Tagliolo Monferrato,2021-02-16 18:30:00,6,3.89
006168,Strevi,2021-02-16 18:30:00,31,15.9
006167,Stazzano,2021-02-16 18:30:00,0,0.0
006166,Spineto Scrivia,2021-02-16 18:30:00,0,0.0
006165,Spigno Monferrato,2021-02-16 18:30:00,0,0.0
006164,Solonghello,2021-02-16 18:30:00,1,4.72
006163,Solero,2021-02-16 18:30:00,0,0.0
006162,Silvano d'Orba,2021-02-16 18:30:00,0,0.0
006161,Sezzadio,2021-02-16 18:30:00,0,0.0
006160,Serravalle Scrivia,2021-02-16 18:30:00,13,2.16
006159,Serralunga di Crea,2021-02-16 18:30:00,3,5.61
006158,Sarezzano,2021-02-16 18:30:00,1,0.85
006157,Sardigliano,2021-02-16 18:30:00,0,0.0
006156,Sant'Agata Fossili,2021-02-16 18:30:00,1,2.5
006155,San Sebastiano Curone,2021-02-16 18:30:00,0,0.0
006154,San Salvatore Monferrato,2021-02-16 18:30:00,2,0.47
006153,San Giorgio Monferrato,2021-02-16 18:30:00,1,0.82
006152,San Cristoforo,2021-02-16 18:30:00,1,1.72
006151,Sale,2021-02-16 18:30:00,5,1.24
006150,Sala Monferrato,2021-02-16 18:30:00,6,17.96
006149,Rosignano Monferrato,2021-02-16 18:30:00,6,3.97
006148,Rocchetta Ligure,2021-02-16 18:30:00,1,4.72
006147,Rocca Grimalda,2021-02-16 18:30:00,0,0.0
006146,Roccaforte Ligure,2021-02-16 18:30:00,0,0.0
006145,Rivarone,2021-02-16 18:30:00,0,0.0
006144,Rivalta Bormida,2021-02-16 18:30:00,6,4.27
006143,Ricaldone,2021-02-16 18:30:00,2,3.09
006142,Quattordio,2021-02-16 18:30:00,7,4.41
006141,Quargnento,2021-02-16 18:30:00,0,0.0
006140,Predosa,2021-02-16 18:30:00,1,0.51
006139,Prasco,2021-02-16 18:30:00,2,4.07
006138,Pozzolo Formigaro,2021-02-16 18:30:00,9,1.93
006137,Pozzol Groppo,2021-02-16 18:30:00,0,0.0
006136,Ponzone,2021-02-16 18:30:00,2,1.98
006135,Ponzano Monferrato,2021-02-16 18:30:00,0,0.0
006134,Ponti,2021-02-16 18:30:00,0,0.0
006133,Pontestura,2021-02-16 18:30:00,0,0.0
006132,Pontecurone,2021-02-16 18:30:00,7,1.97
006131,Pomaro Monferrato,2021-02-16 18:30:00,1,2.82
006129,Pietra Marazzi,2021-02-16 18:30:00,2,2.22
006128,Pecetto di Valenza,2021-02-16 18:30:00,0,0.0
006127,Pasturana,2021-02-16 18:30:00,2,1.57
006126,Parodi Ligure,2021-02-16 18:30:00,4,6.15
006125,Pareto,2021-02-16 18:30:00,5,9.38
006124,Paderna,2021-02-16 18:30:00,0,0.0
006123,Ozzano Monferrato,2021-02-16 18:30:00,5,3.57
006122,Oviglio,2021-02-16 18:30:00,7,5.67
006121,Ovada,2021-02-16 18:30:00,32,2.83
006120,Ottiglio,2021-02-16 18:30:00,0,0.0
006119,Orsara Bormida,2021-02-16 18:30:00,0,0.0
006118,Olivola,2021-02-16 18:30:00,1,8.85
006117,Odalengo Piccolo,2021-02-16 18:30:00,2,7.84
006116,Odalengo Grande,2021-02-16 18:30:00,0,0.0
006115,Occimiano,2021-02-16 18:30:00,1,0.78
006114,Novi Ligure,2021-02-16 18:30:00,39,1.38
006113,Murisengo,2021-02-16 18:30:00,0,0.0
006112,Morsasco,2021-02-16 18:30:00,0,0.0
006111,Mornese,2021-02-16 18:30:00,3,4.16
006110,Morbello,2021-02-16 18:30:00,1,2.37
006109,Morano sul Po,2021-02-16 18:30:00,0,0.0
006108,Montemarzino,2021-02-16 18:30:00,0,0.0
006107,Montegioco,2021-02-16 18:30:00,0,0.0
006106,Montechiaro d'Acqui,2021-02-16 18:30:00,1,1.86
006105,Montecastello,2021-02-16 18:30:00,0,0.0
006104,Montaldo Bormida,2021-02-16 18:30:00,3,4.71
006103,Montaldeo,2021-02-16 18:30:00,0,0.0
006102,Montacuto,2021-02-16 18:30:00,0,0.0
006101,Monleale,2021-02-16 18:30:00,2,3.53
006100,Mongiardino Ligure,2021-02-16 18:30:00,0,0.0
006099,Moncestino,2021-02-16 18:30:00,0,0.0
006098,Momperone,2021-02-16 18:30:00,0,0.0
006097,Mombello Monferrato,2021-02-16 18:30:00,0,0.0
006096,Molino dei Torti,2021-02-16 18:30:00,3,5.11
006095,Molare,2021-02-16 18:30:00,3,1.45
006094,Mirabello Monferrato,2021-02-16 18:30:00,1,0.76
006093,Merana,2021-02-16 18:30:00,0,0.0
006092,Melazzo,2021-02-16 18:30:00,3,2.32
006091,Masio,2021-02-16 18:30:00,1,0.73
006090,Malvicino,2021-02-16 18:30:00,0,0.0
006088,Lerma,2021-02-16 18:30:00,3,3.66
006087,Isola Sant'Antonio,2021-02-16 18:30:00,1,1.46
006086,Guazzora,2021-02-16 18:30:00,0,0.0
006085,Grondona,2021-02-16 18:30:00,3,6.13
006084,Grognardo,2021-02-16 18:30:00,0,0.0
006083,Gremiasco,2021-02-16 18:30:00,0,0.0
006082,Giarole,2021-02-16 18:30:00,0,0.0
006081,Gavi,2021-02-16 18:30:00,9,2.0
006079,Garbagna,2021-02-16 18:30:00,0,0.0
006078,Gamalero,2021-02-16 18:30:00,1,1.21
006077,Gabiano,2021-02-16 18:30:00,0,0.0
006076,Fubine Monferrato,2021-02-16 18:30:00,1,0.62
006075,Frugarolo,2021-02-16 18:30:00,2,1.02
006074,Fresonara,2021-02-16 18:30:00,1,1.49
006073,Frassineto Po,2021-02-16 18:30:00,3,2.17
006072,Frassinello Monferrato,2021-02-16 18:30:00,0,0.0
006071,Frascaro,2021-02-16 18:30:00,6,13.89
006070,Francavilla Bisio,2021-02-16 18:30:00,0,0.0
006069,Fraconalto,2021-02-16 18:30:00,3,9.46
006068,Felizzano,2021-02-16 18:30:00,1,0.44
006067,Fabbrica Curone,2021-02-16 18:30:00,1,1.64
006066,Dernice,2021-02-16 18:30:00,0,0.0
006065,Denice,2021-02-16 18:30:00,1,5.78
006063,Cremolino,2021-02-16 18:30:00,0,0.0
006062,Costa Vescovato,2021-02-16 18:30:00,0,0.0
006061,Conzano,2021-02-16 18:30:00,2,2.07
006060,Coniolo,2021-02-16 18:30:00,0,0.0
006059,Cerrina Monferrato,2021-02-16 18:30:00,0,0.0
006058,Cerreto Grue,2021-02-16 18:30:00,0,0.0
006057,Cereseto,2021-02-16 18:30:00,0,0.0
006056,Cella Monte,2021-02-16 18:30:00,1,2.0
006055,Cavatore,2021-02-16 18:30:00,0,0.0
006054,Castelspina,2021-02-16 18:30:00,0,0.0
006053,Castelnuovo Scrivia,2021-02-16 18:30:00,10,1.95
006052,Castelnuovo Bormida,2021-02-16 18:30:00,4,5.71
006051,Castelletto Monferrato,2021-02-16 18:30:00,1,0.67
006050,Castelletto Merli,2021-02-16 18:30:00,1,2.23
006049,Castelletto d'Orba,2021-02-16 18:30:00,1,0.51
006048,Castelletto d'Erro,2021-02-16 18:30:00,1,6.71
006047,Castellazzo Bormida,2021-02-16 18:30:00,2,0.44
006046,Castellar Guidobono,2021-02-16 18:30:00,0,0.0
006045,Castellania Coppi,2021-02-16 18:30:00,0,0.0
006044,Cassinelle,2021-02-16 18:30:00,0,0.0
006043,Cassine,2021-02-16 18:30:00,1,0.34
006041,Casasco,2021-02-16 18:30:00,0,0.0
006040,Casalnoceto,2021-02-16 18:30:00,17,17.38
006039,Casale Monferrato,2021-02-16 18:30:00,27,0.8
006038,Casaleggio Boiro,2021-02-16 18:30:00,0,0.0
006037,Casal Cermelli,2021-02-16 18:30:00,0,0.0
006036,Cartosio,2021-02-16 18:30:00,8,10.85
006035,Carrosio,2021-02-16 18:30:00,0,0.0
006034,Carrega Ligure,2021-02-16 18:30:00,0,0.0
006033,Carpeneto,2021-02-16 18:30:00,0,0.0
006032,Carezzano,2021-02-16 18:30:00,2,4.55
006031,Carentino,2021-02-16 18:30:00,0,0.0
006030,Carbonara Scrivia,2021-02-16 18:30:00,0,0.0
006029,Capriata d'Orba,2021-02-16 18:30:00,5,2.71
006028,Cantalupo Ligure,2021-02-16 18:30:00,1,2.1
006027,Camino,2021-02-16 18:30:00,0,0.0
006026,Camagna Monferrato,2021-02-16 18:30:00,0,0.0
006025,Cabella Ligure,2021-02-16 18:30:00,0,0.0
006024,Brignano-Frascata,2021-02-16 18:30:00,0,0.0
006023,Bozzole,2021-02-16 18:30:00,0,0.0
006022,Bosio,2021-02-16 18:30:00,3,2.55
006021,Bosco Marengo,2021-02-16 18:30:00,1,0.42
006020,Borgo San Martino,2021-02-16 18:30:00,0,0.0
006019,Borgoratto Alessandrino,2021-02-16 18:30:00,4,7.27
006018,Borghetto di Borbera,2021-02-16 18:30:00,2,1.02
006017,Bistagno,2021-02-16 18:30:00,9,5.02
006016,Berzano di Tortona,2021-02-16 18:30:00,0,0.0
006015,Bergamasco,2021-02-16 18:30:00,1,1.39
006014,Belforte Monferrato,2021-02-16 18:30:00,4,7.89
006013,Bassignana,2021-02-16 18:30:00,3,1.79
006012,Basaluzzo,2021-02-16 18:30:00,3,1.45
006011,Balzola,2021-02-16 18:30:00,1,0.74
006010,Avolasca,2021-02-16 18:30:00,0,0.0
006009,Arquata Scrivia,2021-02-16 18:30:00,15,2.36
006008,Alzano Scrivia,2021-02-16 18:30:00,3,8.57
006007,Altavilla Monferrato,2021-02-16 18:30:00,0,0.0
006005,Alice Bel Colle,2021-02-16 18:30:00,1,1.34
006004,Alfiano Natta,2021-02-16 18:30:00,1,1.28
006003,Alessandria,2021-02-16 18:30:00,181,1.93
006002,Albera Ligure,2021-02-16 18:30:00,1,3.33
006001,Acqui Terme,2021-02-16 18:30:00,116,5.92
005121,Montiglio Monferrato,2021-02-16 18:30:00,2,1.25
005120,Vinchio,2021-02-16 18:30:00,3,5.21
005119,Villa San Secondo,2021-02-16 18:30:00,0,0.0
005118,Villanova d'Asti,2021-02-16 18:30:00,16,2.82
005117,Villafranca d'Asti,2021-02-16 18:30:00,12,3.98
005116,Vigliano d'Asti,2021-02-16 18:30:00,0,0.0
005115,Viarigi,2021-02-16 18:30:00,3,3.41
005114,Viale,2021-02-16 18:30:00,6,24.69
005113,Vesime,2021-02-16 18:30:00,1,1.64
005112,Valfenera,2021-02-16 18:30:00,4,1.66
005111,Vaglio Serra,2021-02-16 18:30:00,0,0.0
005110,Tonengo,2021-02-16 18:30:00,1,4.22
005109,Tonco,2021-02-16 18:30:00,0,0.0
005108,Tigliole,2021-02-16 18:30:00,15,8.73
005107,Soglio,2021-02-16 18:30:00,0,0.0
005106,Settime,2021-02-16 18:30:00,0,0.0
005105,Sessame,2021-02-16 18:30:00,1,3.8
005104,Serole,2021-02-16 18:30:00,0,0.0
005103,Scurzolengo,2021-02-16 18:30:00,1,1.83
005101,San Paolo Solbrito,2021-02-16 18:30:00,5,4.18
005100,San Marzano Oliveto,2021-02-16 18:30:00,2,1.97
005099,San Martino Alfieri,2021-02-16 18:30:00,1,1.52
005098,San Giorgio Scarampi,2021-02-16 18:30:00,0,0.0
005097,San Damiano d'Asti,2021-02-16 18:30:00,28,3.37
005096,Rocchetta Tanaro,2021-02-16 18:30:00,7,4.92
005095,Rocchetta Palafea,2021-02-16 18:30:00,0,0.0
005094,Roccaverano,2021-02-16 18:30:00,0,0.0
005093,Rocca d'Arazzo,2021-02-16 18:30:00,2,2.24
005092,Robella,2021-02-16 18:30:00,0,0.0
005091,Roatto,2021-02-16 18:30:00,4,10.47
005090,Revigliasco d'Asti,2021-02-16 18:30:00,3,3.82
005089,Refrancore,2021-02-16 18:30:00,0,0.0
005088,Quaranti,2021-02-16 18:30:00,0,0.0
005087,Portacomaro,2021-02-16 18:30:00,2,0.99
005086,Piovà Massaia,2021-02-16 18:30:00,0,0.0
005085,Pino d'Asti,2021-02-16 18:30:00,0,0.0
005084,Piea,2021-02-16 18:30:00,0,0.0
005083,Penango,2021-02-16 18:30:00,5,10.71
005082,Passerano Marmorito,2021-02-16 18:30:00,0,0.0
005081,Olmo Gentile,2021-02-16 18:30:00,0,0.0
005080,Nizza Monferrato,2021-02-16 18:30:00,25,2.43
005079,Moransengo,2021-02-16 18:30:00,0,0.0
005077,Montemagno,2021-02-16 18:30:00,0,0.0
005076,Montegrosso d'Asti,2021-02-16 18:30:00,2,0.87
005075,Montechiaro d'Asti,2021-02-16 18:30:00,7,5.53
005074,Montaldo Scarampi,2021-02-16 18:30:00,0,0.0
005073,Montafia,2021-02-16 18:30:00,0,0.0
005072,Montabone,2021-02-16 18:30:00,0,0.0
005071,Mongardino,2021-02-16 18:30:00,0,0.0
005070,Moncucco Torinese,2021-02-16 18:30:00,5,5.62
005069,Moncalvo,2021-02-16 18:30:00,13,4.54
005068,Monastero Bormida,2021-02-16 18:30:00,28,30.53
005067,Monale,2021-02-16 18:30:00,1,1.0
005066,Mombercelli,2021-02-16 18:30:00,6,2.79
005065,Mombaruzzo,2021-02-16 18:30:00,4,3.75
005064,Mombaldone,2021-02-16 18:30:00,0,0.0
005063,Moasca,2021-02-16 18:30:00,2,3.91
005062,Maretto,2021-02-16 18:30:00,0,0.0
005061,Maranzana,2021-02-16 18:30:00,0,0.0
005060,Loazzolo,2021-02-16 18:30:00,0,0.0
005059,Isola d'Asti,2021-02-16 18:30:00,4,1.97
005058,Incisa Scapaccino,2021-02-16 18:30:00,18,8.23
005057,Grazzano Badoglio,2021-02-16 18:30:00,1,1.64
005056,Grana,2021-02-16 18:30:00,0,0.0
005055,Frinco,2021-02-16 18:30:00,0,0.0
005054,Fontanile,2021-02-16 18:30:00,0,0.0
005053,Ferrere,2021-02-16 18:30:00,7,4.5
005052,Dusino San Michele,2021-02-16 18:30:00,2,1.91
005051,Cunico,2021-02-16 18:30:00,0,0.0
005050,Costigliole d'Asti,2021-02-16 18:30:00,10,1.73
005049,Cossombrato,2021-02-16 18:30:00,0,0.0
005048,Cortiglione,2021-02-16 18:30:00,5,9.07
005047,Cortazzone,2021-02-16 18:30:00,2,3.27
005046,Cortanze,2021-02-16 18:30:00,1,3.57
005045,Cortandone,2021-02-16 18:30:00,2,6.35
005044,Corsione,2021-02-16 18:30:00,0,0.0
005042,Cocconato,2021-02-16 18:30:00,2,1.39
005041,Coazzolo,2021-02-16 18:30:00,0,0.0
005040,Cisterna d'Asti,2021-02-16 18:30:00,5,4.08
005039,Cinaglio,2021-02-16 18:30:00,4,9.03
005038,Chiusano d'Asti,2021-02-16 18:30:00,0,0.0
005037,Cessole,2021-02-16 18:30:00,0,0.0
005036,Cerro Tanaro,2021-02-16 18:30:00,3,4.94
005035,Cerreto d'Asti,2021-02-16 18:30:00,0,0.0
005034,Celle Enomondo,2021-02-16 18:30:00,8,16.77
005033,Cellarengo,2021-02-16 18:30:00,3,4.27
005032,Castel Rocchero,2021-02-16 18:30:00,1,2.56
005031,Castelnuovo Don Bosco,2021-02-16 18:30:00,15,4.74
005030,Castelnuovo Calcea,2021-02-16 18:30:00,1,1.36
005029,Castelnuovo Belbo,2021-02-16 18:30:00,0,0.0
005028,Castello di Annone,2021-02-16 18:30:00,2,1.04
005027,Castelletto Molina,2021-02-16 18:30:00,1,6.41
005026,Castellero,2021-02-16 18:30:00,0,0.0
005025,Castell'Alfero,2021-02-16 18:30:00,14,5.24
005024,Castel Boglione,2021-02-16 18:30:00,0,0.0
005023,Castagnole Monferrato,2021-02-16 18:30:00,3,2.52
005022,Castagnole delle Lanze,2021-02-16 18:30:00,20,5.34
005021,Cassinasco,2021-02-16 18:30:00,1,1.65
005020,Casorzo,2021-02-16 18:30:00,0,0.0
005019,Capriglio,2021-02-16 18:30:00,0,0.0
005018,Cantarana,2021-02-16 18:30:00,3,3.02
005017,Canelli,2021-02-16 18:30:00,8,0.77
005016,Camerano Casasco,2021-02-16 18:30:00,0,0.0
005015,Calosso,2021-02-16 18:30:00,1,0.8
005014,Calliano,2021-02-16 18:30:00,3,2.35
005013,Calamandrana,2021-02-16 18:30:00,7,4.05
005012,Buttigliera d'Asti,2021-02-16 18:30:00,8,3.15
005011,Bubbio,2021-02-16 18:30:00,8,9.56
005010,Bruno,2021-02-16 18:30:00,1,3.22
005009,Berzano di San Pietro,2021-02-16 18:30:00,2,4.82
005008,Belveglio,2021-02-16 18:30:00,0,0.0
005007,Baldichieri d'Asti,2021-02-16 18:30:00,5,4.41
005006,Azzano d'Asti,2021-02-16 18:30:00,1,2.72
005005,Asti,2021-02-16 18:30:00,196,2.58
005004,Aramengo,2021-02-16 18:30:00,0,0.0
005003,Antignano,2021-02-16 18:30:00,0,0.0
005002,Albugnano,2021-02-16 18:30:00,2,3.96
005001,Agliano Terme,2021-02-16 18:30:00,1,0.63
004250,Vottignasco,2021-02-16 18:30:00,0,0.0
004249,Viola,2021-02-16 18:30:00,0,0.0
004248,Vinadio,2021-02-16 18:30:00,0,0.0
004247,Villar San Costanzo,2021-02-16 18:30:00,2,1.3
004246,Villanova Solaro,2021-02-16 18:30:00,0,0.0
004245,Villanova Mondovì,2021-02-16 18:30:00,7,1.21
004244,Villafalletto,2021-02-16 18:30:00,5,1.72
004243,Vignolo,2021-02-16 18:30:00,7,2.72
004242,Vicoforte,2021-02-16 18:30:00,13,4.16
004241,Vezza d'Alba,2021-02-16 18:30:00,5,2.19
004240,Verzuolo,2021-02-16 18:30:00,8,1.25
004239,Vernante,2021-02-16 18:30:00,1,0.87
004238,Verduno,2021-02-16 18:30:00,0,0.0
004237,Venasca,2021-02-16 18:30:00,0,0.0
004235,Valloriate,2021-02-16 18:30:00,0,0.0
004234,Valgrana,2021-02-16 18:30:00,2,2.57
004233,Valdieri,2021-02-16 18:30:00,0,0.0
004232,Trinità,2021-02-16 18:30:00,3,1.34
004231,Trezzo Tinella,2021-02-16 18:30:00,1,3.24
004230,Treiso,2021-02-16 18:30:00,0,0.0
004229,Torresina,2021-02-16 18:30:00,0,0.0
004228,Torre San Giorgio,2021-02-16 18:30:00,0,0.0
004227,Torre Mondovì,2021-02-16 18:30:00,1,2.1
004226,Torre Bormida,2021-02-16 18:30:00,0,0.0
004225,Tarantasca,2021-02-16 18:30:00,5,2.32
004224,Stroppo,2021-02-16 18:30:00,1,9.71
004223,Sommariva Perno,2021-02-16 18:30:00,0,0.0
004222,Sommariva del Bosco,2021-02-16 18:30:00,18,2.84
004221,Somano,2021-02-16 18:30:00,0,0.0
004220,Sinio,2021-02-16 18:30:00,3,5.87
004219,Serravalle Langhe,2021-02-16 18:30:00,0,0.0
004218,Serralunga d'Alba,2021-02-16 18:30:00,1,1.74
004217,Scarnafigi,2021-02-16 18:30:00,0,0.0
004216,Scagnello,2021-02-16 18:30:00,0,0.0
004215,Savigliano,2021-02-16 18:30:00,31,1.43
004214,Santo Stefano Roero,2021-02-16 18:30:00,0,0.0
004213,Santo Stefano Belbo,2021-02-16 18:30:00,6,1.49
004212,Santa Vittoria d'Alba,2021-02-16 18:30:00,35,12.2
004211,Sant'Albano Stura,2021-02-16 18:30:00,7,2.96
004210,San Michele Mondovì,2021-02-16 18:30:00,2,1.03
004209,Sanfront,2021-02-16 18:30:00,3,1.27
004208,Sanfrè,2021-02-16 18:30:00,5,1.64
004207,San Damiano Macra,2021-02-16 18:30:00,0,0.0
004206,San Benedetto Belbo,2021-02-16 18:30:00,0,0.0
004205,Sampeyre,2021-02-16 18:30:00,1,1.01
004204,Sambuco,2021-02-16 18:30:00,0,0.0
004203,Saluzzo,2021-02-16 18:30:00,22,1.28
004202,Salmour,2021-02-16 18:30:00,1,1.38
004201,Saliceto,2021-02-16 18:30:00,1,0.8
004200,Sale San Giovanni,2021-02-16 18:30:00,0,0.0
004199,Sale delle Langhe,2021-02-16 18:30:00,0,0.0
004198,Ruffia,2021-02-16 18:30:00,1,2.75
004197,Rossana,2021-02-16 18:30:00,2,2.31
004196,Rodello,2021-02-16 18:30:00,0,0.0
004195,Roddino,2021-02-16 18:30:00,0,0.0
004194,Roddi,2021-02-16 18:30:00,2,1.23
004193,Rocchetta Belbo,2021-02-16 18:30:00,2,12.5
004192,Roccavione,2021-02-16 18:30:00,9,3.39
004191,Roccasparvera,2021-02-16 18:30:00,2,2.69
004190,Roccaforte Mondovì,2021-02-16 18:30:00,2,0.93
004189,Rocca de' Baldi,2021-02-16 18:30:00,0,0.0
004188,Rocca Cigliè,2021-02-16 18:30:00,0,0.0
004187,Roccabruna,2021-02-16 18:30:00,1,0.64
004186,Roburent,2021-02-16 18:30:00,0,0.0
004185,Robilante,2021-02-16 18:30:00,5,2.21
004184,Roascio,2021-02-16 18:30:00,1,10.0
004183,Roaschia,2021-02-16 18:30:00,0,0.0
004182,Rittana,2021-02-16 18:30:00,0,0.0
004181,Rifreddo,2021-02-16 18:30:00,0,0.0
004180,Revello,2021-02-16 18:30:00,0,0.0
004179,Racconigi,2021-02-16 18:30:00,68,6.84
004178,Prunetto,2021-02-16 18:30:00,0,0.0
004177,Priola,2021-02-16 18:30:00,0,0.0
004176,Priocca,2021-02-16 18:30:00,2,1.0
004175,Priero,2021-02-16 18:30:00,1,1.91
004174,Prazzo,2021-02-16 18:30:00,0,0.0
004173,Pradleves,2021-02-16 18:30:00,0,0.0
004172,Pontechianale,2021-02-16 18:30:00,0,0.0
004171,Polonghera,2021-02-16 18:30:00,0,0.0
004170,Pocapaglia,2021-02-16 18:30:00,13,3.91
004169,Piozzo,2021-02-16 18:30:00,1,1.02
004168,Piobesi d'Alba,2021-02-16 18:30:00,4,2.95
004167,Pietraporzio,2021-02-16 18:30:00,0,0.0
004166,Piasco,2021-02-16 18:30:00,2,0.73
004165,Pianfei,2021-02-16 18:30:00,5,2.37
004164,Pezzolo Valle Uzzone,2021-02-16 18:30:00,0,0.0
004163,Peveragno,2021-02-16 18:30:00,5,0.89
004162,Perlo,2021-02-16 18:30:00,0,0.0
004161,Perletto,2021-02-16 18:30:00,0,0.0
004160,Paroldo,2021-02-16 18:30:00,0,0.0
004159,Pamparato,2021-02-16 18:30:00,0,0.0
004158,Pagno,2021-02-16 18:30:00,0,0.0
004157,Paesana,2021-02-16 18:30:00,5,1.84
004156,Ostana,2021-02-16 18:30:00,0,0.0
004155,Ormea,2021-02-16 18:30:00,0,0.0
004154,Oncino,2021-02-16 18:30:00,0,0.0
004153,Nucetto,2021-02-16 18:30:00,1,2.44
004152,Novello,2021-02-16 18:30:00,6,6.1
004151,Niella Tanaro,2021-02-16 18:30:00,0,0.0
004150,Niella Belbo,2021-02-16 18:30:00,0,0.0
004149,Neviglie,2021-02-16 18:30:00,0,0.0
004148,Neive,2021-02-16 18:30:00,8,2.31
004147,Narzole,2021-02-16 18:30:00,10,2.86
004146,Murello,2021-02-16 18:30:00,7,7.38
004145,Murazzano,2021-02-16 18:30:00,0,0.0
004144,Morozzo,2021-02-16 18:30:00,1,0.5
004143,Moretta,2021-02-16 18:30:00,5,1.22
004142,Monticello d'Alba,2021-02-16 18:30:00,12,5.07
004141,Montezemolo,2021-02-16 18:30:00,3,12.82
004140,Monteu Roero,2021-02-16 18:30:00,0,0.0
004139,Monterosso Grana,2021-02-16 18:30:00,0,0.0
004138,Montemale di Cuneo,2021-02-16 18:30:00,0,0.0
004137,Montelupo Albese,2021-02-16 18:30:00,0,0.0
004136,Montanera,2021-02-16 18:30:00,1,1.34
004135,Montaldo Roero,2021-02-16 18:30:00,3,3.55
004134,Montaldo di Mondovì,2021-02-16 18:30:00,1,1.8
004133,Montà,2021-02-16 18:30:00,7,1.49
004132,Monforte d'Alba,2021-02-16 18:30:00,1,0.5
004131,Monesiglio,2021-02-16 18:30:00,1,1.61
004130,Mondovì,2021-02-16 18:30:00,46,2.05
004129,Monchiero,2021-02-16 18:30:00,4,6.92
004128,Monasterolo di Savigliano,2021-02-16 18:30:00,3,2.17
004127,Monasterolo Casotto,2021-02-16 18:30:00,0,0.0
004126,Monastero di Vasco,2021-02-16 18:30:00,2,1.55
004125,Mombasiglio,2021-02-16 18:30:00,0,0.0
004124,Mombarcaro,2021-02-16 18:30:00,0,0.0
004123,Moiola,2021-02-16 18:30:00,0,0.0
004122,Melle,2021-02-16 18:30:00,0,0.0
004121,Martiniana Po,2021-02-16 18:30:00,0,0.0
004120,Marsaglia,2021-02-16 18:30:00,0,0.0
004119,Marmora,2021-02-16 18:30:00,0,0.0
004118,Margarita,2021-02-16 18:30:00,7,4.86
004117,Marene,2021-02-16 18:30:00,3,0.9
004116,Manta,2021-02-16 18:30:00,4,1.06
004115,Mango,2021-02-16 18:30:00,1,0.76
004114,Magliano Alpi,2021-02-16 18:30:00,0,0.0
004113,Magliano Alfieri,2021-02-16 18:30:00,16,7.29
004112,Macra,2021-02-16 18:30:00,0,0.0
004111,Lisio,2021-02-16 18:30:00,0,0.0
004110,Limone Piemonte,2021-02-16 18:30:00,1,0.69
004109,Levice,2021-02-16 18:30:00,0,0.0
004108,Lesegno,2021-02-16 18:30:00,0,0.0
004107,Lequio Tanaro,2021-02-16 18:30:00,2,2.7
004106,Lequio Berria,2021-02-16 18:30:00,0,0.0
004105,La Morra,2021-02-16 18:30:00,5,1.81
004104,Lagnasco,2021-02-16 18:30:00,1,0.7
004103,Isasca,2021-02-16 18:30:00,0,0.0
004102,Igliano,2021-02-16 18:30:00,0,0.0
004101,Guarene,2021-02-16 18:30:00,7,1.95
004100,Grinzane Cavour,2021-02-16 18:30:00,0,0.0
004099,Govone,2021-02-16 18:30:00,16,7.22
004098,Gottasecca,2021-02-16 18:30:00,0,0.0
004097,Gorzegno,2021-02-16 18:30:00,0,0.0
004096,Genola,2021-02-16 18:30:00,10,3.77
004095,Garessio,2021-02-16 18:30:00,2,0.65
004094,Gambasca,2021-02-16 18:30:00,0,0.0
004093,Gaiola,2021-02-16 18:30:00,0,0.0
004092,Frassino,2021-02-16 18:30:00,0,0.0
004091,Frabosa Sottana,2021-02-16 18:30:00,0,0.0
004090,Frabosa Soprana,2021-02-16 18:30:00,0,0.0
004089,Fossano,2021-02-16 18:30:00,103,4.25
004088,Feisoglio,2021-02-16 18:30:00,0,0.0
004087,Faule,2021-02-16 18:30:00,4,8.2
004086,Farigliano,2021-02-16 18:30:00,3,1.69
004085,Envie,2021-02-16 18:30:00,4,2.01
004084,Entracque,2021-02-16 18:30:00,0,0.0
004083,Elva,2021-02-16 18:30:00,0,0.0
004082,Dronero,2021-02-16 18:30:00,6,0.85
004081,Dogliani,2021-02-16 18:30:00,1,0.21
004080,Diano d'Alba,2021-02-16 18:30:00,5,1.38
004079,Demonte,2021-02-16 18:30:00,2,1.02
004078,Cuneo,2021-02-16 18:30:00,109,1.94
004077,Crissolo,2021-02-16 18:30:00,0,0.0
004076,Cravanzana,2021-02-16 18:30:00,2,5.48
004075,Costigliole Saluzzo,2021-02-16 18:30:00,2,0.61
004074,Cossano Belbo,2021-02-16 18:30:00,0,0.0
004073,Cortemilia,2021-02-16 18:30:00,5,2.2
004072,Corneliano d'Alba,2021-02-16 18:30:00,2,0.93
004071,Clavesana,2021-02-16 18:30:00,0,0.0
004070,Cissone,2021-02-16 18:30:00,0,0.0
004069,Cigliè,2021-02-16 18:30:00,0,0.0
004068,Chiusa di Pesio,2021-02-16 18:30:00,1,0.27
004067,Cherasco,2021-02-16 18:30:00,14,1.51
004066,Ceva,2021-02-16 18:30:00,0,0.0
004065,Cervere,2021-02-16 18:30:00,5,2.21
004064,Cervasca,2021-02-16 18:30:00,11,2.14
004063,Cerretto Langhe,2021-02-16 18:30:00,0,0.0
004062,Ceresole Alba,2021-02-16 18:30:00,3,1.46
004061,Centallo,2021-02-16 18:30:00,24,3.42
004060,Celle di Macra,2021-02-16 18:30:00,0,0.0
004059,Cavallermaggiore,2021-02-16 18:30:00,21,3.87
004058,Cavallerleone,2021-02-16 18:30:00,1,1.46
004057,Castino,2021-02-16 18:30:00,2,4.12
004056,Castiglione Tinella,2021-02-16 18:30:00,0,0.0
004055,Castiglione Falletto,2021-02-16 18:30:00,4,5.72
004054,Castelnuovo di Ceva,2021-02-16 18:30:00,0,0.0
004053,Castelmagno,2021-02-16 18:30:00,0,0.0
004052,Castellino Tanaro,2021-02-16 18:30:00,0,0.0
004051,Castellinaldo d'Alba,2021-02-16 18:30:00,0,0.0
004050,Castelletto Uzzone,2021-02-16 18:30:00,3,9.55
004049,Castelletto Stura,2021-02-16 18:30:00,0,0.0
004047,Casteldelfino,2021-02-16 18:30:00,0,0.0
004046,Castagnito,2021-02-16 18:30:00,10,4.56
004045,Casalgrasso,2021-02-16 18:30:00,2,1.39
004044,Cartignano,2021-02-16 18:30:00,0,0.0
004043,Carrù,2021-02-16 18:30:00,5,1.14
004042,Cardè,2021-02-16 18:30:00,0,0.0
004041,Caramagna Piemonte,2021-02-16 18:30:00,9,2.91
004040,Caraglio,2021-02-16 18:30:00,6,0.89
004039,Caprauna,2021-02-16 18:30:00,0,0.0
004038,Canosio,2021-02-16 18:30:00,2,24.39
004037,Canale,2021-02-16 18:30:00,9,1.6
004035,Camerana,2021-02-16 18:30:00,0,0.0
004034,Busca,2021-02-16 18:30:00,12,1.18
004033,Brossasco,2021-02-16 18:30:00,2,1.91
004032,Brondello,2021-02-16 18:30:00,0,0.0
004031,Briga Alta,2021-02-16 18:30:00,0,0.0
004030,Briaglia,2021-02-16 18:30:00,2,6.51
004029,Bra,2021-02-16 18:30:00,77,2.6
004028,Boves,2021-02-16 18:30:00,15,1.53
004027,Bossolasco,2021-02-16 18:30:00,1,1.57
004026,Bosia,2021-02-16 18:30:00,0,0.0
004025,Borgo San Dalmazzo,2021-02-16 18:30:00,16,1.29
004024,Borgomale,2021-02-16 18:30:00,0,0.0
004023,Bonvicino,2021-02-16 18:30:00,0,0.0
004022,Bernezzo,2021-02-16 18:30:00,3,0.72
004021,Bergolo,2021-02-16 18:30:00,0,0.0
004020,Benevello,2021-02-16 18:30:00,0,0.0
004019,Bene Vagienna,2021-02-16 18:30:00,6,1.64
004018,Belvedere Langhe,2021-02-16 18:30:00,0,0.0
004017,Bellino,2021-02-16 18:30:00,0,0.0
004016,Beinette,2021-02-16 18:30:00,1,0.29
004015,Battifollo,2021-02-16 18:30:00,0,0.0
004014,Bastia Mondovì,2021-02-16 18:30:00,0,0.0
004013,Barolo,2021-02-16 18:30:00,0,0.0
004012,Barge,2021-02-16 18:30:00,13,1.71
004011,Barbaresco,2021-02-16 18:30:00,7,11.11
004010,Baldissero d'Alba,2021-02-16 18:30:00,2,1.89
004009,Bagnolo Piemonte,2021-02-16 18:30:00,19,3.19
004008,Bagnasco,2021-02-16 18:30:00,6,5.88
004007,Arguello,2021-02-16 18:30:00,0,0.0
004006,Argentera,2021-02-16 18:30:00,0,0.0
004005,Alto,2021-02-16 18:30:00,2,15.38
004004,Albaretto della Torre,2021-02-16 18:30:00,1,4.46
004003,Alba,2021-02-16 18:30:00,88,2.79
004002,Aisone,2021-02-16 18:30:00,0,0.0
004001,Acceglio,2021-02-16 18:30:00,0,0.0
003166,Gattico-Veruno,2021-02-16 18:30:00,13,2.47
003164,Vinzaglio,2021-02-16 18:30:00,1,1.78
003159,Vicolungo,2021-02-16 18:30:00,0,0.0
003158,Vespolate,2021-02-16 18:30:00,0,0.0
003154,Varallo Pombia,2021-02-16 18:30:00,15,3.05
003153,Vaprio d'Agogna,2021-02-16 18:30:00,4,4.03
003149,Trecate,2021-02-16 18:30:00,39,1.88
003146,Tornaco,2021-02-16 18:30:00,0,0.0
003144,Terdobbiate,2021-02-16 18:30:00,0,0.0
003143,Suno,2021-02-16 18:30:00,3,1.08
003141,Sozzago,2021-02-16 18:30:00,2,1.87
003140,Soriso,2021-02-16 18:30:00,0,0.0
003139,Sizzano,2021-02-16 18:30:00,2,1.4
003138,Sillavengo,2021-02-16 18:30:00,1,1.78
003135,San Pietro Mosezzo,2021-02-16 18:30:00,5,2.51
003134,San Nazzaro Sesia,2021-02-16 18:30:00,1,1.36
003133,San Maurizio d'Opaglio,2021-02-16 18:30:00,4,1.31
003131,Romentino,2021-02-16 18:30:00,10,1.78
003130,Romagnano Sesia,2021-02-16 18:30:00,10,2.57
003129,Recetto,2021-02-16 18:30:00,3,3.12
003122,Prato Sesia,2021-02-16 18:30:00,5,2.68
003121,Pombia,2021-02-16 18:30:00,3,1.38
003120,Pogno,2021-02-16 18:30:00,0,0.0
003119,Pisano,2021-02-16 18:30:00,0,0.0
003116,Pettenasco,2021-02-16 18:30:00,2,1.46
003115,Pella,2021-02-16 18:30:00,1,1.05
003114,Paruzzaro,2021-02-16 18:30:00,13,5.95
003112,Orta San Giulio,2021-02-16 18:30:00,0,0.0
003109,Oleggio Castello,2021-02-16 18:30:00,10,4.59
003108,Oleggio,2021-02-16 18:30:00,68,4.8
003106,Novara,2021-02-16 18:30:00,218,2.09
003104,Nibbiola,2021-02-16 18:30:00,0,0.0
003103,Nebbiuno,2021-02-16 18:30:00,5,2.76
003100,Momo,2021-02-16 18:30:00,1,0.4
003098,Miasino,2021-02-16 18:30:00,25,31.49
003097,Mezzomerico,2021-02-16 18:30:00,0,0.0
003095,Meina,2021-02-16 18:30:00,1,0.41
003093,Massino Visconti,2021-02-16 18:30:00,5,4.76
003091,Marano Ticino,2021-02-16 18:30:00,8,4.85
003090,Mandello Vitta,2021-02-16 18:30:00,0,0.0
003088,Maggiora,2021-02-16 18:30:00,5,3.02
003084,Lesa,2021-02-16 18:30:00,9,4.07
003083,Landiona,2021-02-16 18:30:00,1,1.78
003082,Invorio,2021-02-16 18:30:00,11,2.5
003079,Grignasco,2021-02-16 18:30:00,12,2.68
003077,Granozzo con Monticello,2021-02-16 18:30:00,1,0.72
003076,Gozzano,2021-02-16 18:30:00,1,0.18
003073,Ghemme,2021-02-16 18:30:00,15,4.29
003070,Gargallo,2021-02-16 18:30:00,2,1.13
003069,Garbagna Novarese,2021-02-16 18:30:00,1,0.7
003068,Galliate,2021-02-16 18:30:00,32,2.04
003066,Fontaneto d'Agogna,2021-02-16 18:30:00,4,1.51
003065,Fara Novarese,2021-02-16 18:30:00,7,3.44
003062,Dormelletto,2021-02-16 18:30:00,6,2.32
003060,Divignano,2021-02-16 18:30:00,4,2.83
003058,Cureggio,2021-02-16 18:30:00,5,1.9
003055,Cressa,2021-02-16 18:30:00,0,0.0
003052,Comignago,2021-02-16 18:30:00,1,0.79
003051,Colazza,2021-02-16 18:30:00,2,4.43
003049,Cerano,2021-02-16 18:30:00,20,2.96
003047,Cavallirio,2021-02-16 18:30:00,1,0.74
003045,Cavaglio d'Agogna,2021-02-16 18:30:00,0,0.0
003044,Cavaglietto,2021-02-16 18:30:00,0,0.0
003043,Castelletto sopra Ticino,2021-02-16 18:30:00,27,2.72
003042,Castellazzo Novarese,2021-02-16 18:30:00,1,3.13
003041,Casalvolone,2021-02-16 18:30:00,1,1.16
003040,Casalino,2021-02-16 18:30:00,1,0.66
003039,Casaleggio Novara,2021-02-16 18:30:00,0,0.0
003037,Casalbeltrame,2021-02-16 18:30:00,6,6.4
003036,Carpignano Sesia,2021-02-16 18:30:00,3,1.19
003032,Cameri,2021-02-16 18:30:00,29,2.67
003030,Caltignaga,2021-02-16 18:30:00,3,1.19
003027,Briona,2021-02-16 18:30:00,1,0.87
003026,Briga Novarese,2021-02-16 18:30:00,0,0.0
003025,Borgo Ticino,2021-02-16 18:30:00,6,1.16
003024,Borgomanero,2021-02-16 18:30:00,46,2.12
003023,Borgolavezzaro,2021-02-16 18:30:00,1,0.49
003022,Bolzano Novarese,2021-02-16 18:30:00,1,0.84
003021,Bogogno,2021-02-16 18:30:00,5,3.92
003019,Boca,2021-02-16 18:30:00,0,0.0
003018,Biandrate,2021-02-16 18:30:00,1,0.77
003016,Bellinzago Novarese,2021-02-16 18:30:00,31,3.24
003012,Barengo,2021-02-16 18:30:00,1,1.27
003008,Arona,2021-02-16 18:30:00,38,2.72
003006,Armeno,2021-02-16 18:30:00,2,0.91
003002,Ameno,2021-02-16 18:30:00,4,4.2
003001,Agrate Conturbia,2021-02-16 18:30:00,0,0.0
002171,Cellio con Breia,2021-02-16 18:30:00,6,6.12
002170,Alto Sermenza,2021-02-16 18:30:00,0,0.0
002166,Vocca,2021-02-16 18:30:00,2,12.42
002164,Villata,2021-02-16 18:30:00,0,0.0
002163,Villarboit,2021-02-16 18:30:00,0,0.0
002158,Vercelli,2021-02-16 18:30:00,76,1.65
002156,Varallo,2021-02-16 18:30:00,22,3.08
002152,Valduggia,2021-02-16 18:30:00,0,0.0
002150,Tronzano Vercellese,2021-02-16 18:30:00,2,0.58
002148,Trino,2021-02-16 18:30:00,24,3.41
002147,Tricerro,2021-02-16 18:30:00,0,0.0
002142,Stroppiana,2021-02-16 18:30:00,5,4.19
002137,Serravalle Sesia,2021-02-16 18:30:00,20,4.09
002135,Scopello,2021-02-16 18:30:00,0,0.0
002134,Scopa,2021-02-16 18:30:00,0,0.0
002133,Santhià,2021-02-16 18:30:00,8,0.94
002131,San Germano Vercellese,2021-02-16 18:30:00,1,0.65
002128,Saluggia,2021-02-16 18:30:00,11,2.81
002127,Sali Vercellese,2021-02-16 18:30:00,0,0.0
002126,Salasco,2021-02-16 18:30:00,0,0.0
002122,Rovasenda,2021-02-16 18:30:00,0,0.0
002121,Rossa,2021-02-16 18:30:00,0,0.0
002118,Ronsecco,2021-02-16 18:30:00,1,1.76
002116,Roasio,2021-02-16 18:30:00,3,1.28
002115,Rive,2021-02-16 18:30:00,0,0.0
002113,Rimella,2021-02-16 18:30:00,0,0.0
002110,Rassa,2021-02-16 18:30:00,0,0.0
002108,Quinto Vercellese,2021-02-16 18:30:00,0,0.0
002107,Quarona,2021-02-16 18:30:00,13,3.25
002104,Prarolo,2021-02-16 18:30:00,3,4.13
002102,Postua,2021-02-16 18:30:00,0,0.0
002097,Piode,2021-02-16 18:30:00,1,5.56
002096,Pila,2021-02-16 18:30:00,0,0.0
002093,Pezzana,2021-02-16 18:30:00,0,0.0
002091,Pertengo,2021-02-16 18:30:00,0,0.0
002090,Palazzolo Vercellese,2021-02-16 18:30:00,1,0.84
002089,Oldenico,2021-02-16 18:30:00,3,13.7
002088,Olcenengo,2021-02-16 18:30:00,7,8.95
002082,Motta de' Conti,2021-02-16 18:30:00,0,0.0
002079,Moncrivello,2021-02-16 18:30:00,2,1.43
002078,Mollia,2021-02-16 18:30:00,0,0.0
002072,Lozzolo,2021-02-16 18:30:00,8,9.71
002071,Livorno Ferraris,2021-02-16 18:30:00,0,0.0
002070,Lignana,2021-02-16 18:30:00,4,7.18
002068,Lenta,2021-02-16 18:30:00,3,3.6
002067,Lamporo,2021-02-16 18:30:00,0,0.0
002066,Guardabosone,2021-02-16 18:30:00,1,2.96
002065,Greggio,2021-02-16 18:30:00,0,0.0
002062,Ghislarengo,2021-02-16 18:30:00,0,0.0
002061,Gattinara,2021-02-16 18:30:00,7,0.89
002059,Formigliana,2021-02-16 18:30:00,0,0.0
002058,Fontanetto Po,2021-02-16 18:30:00,3,2.72
002057,Fobello,2021-02-16 18:30:00,0,0.0
002054,Desana,2021-02-16 18:30:00,10,9.4
002052,Crova,2021-02-16 18:30:00,0,0.0
002049,Crescentino,2021-02-16 18:30:00,15,1.93
002048,Cravagliana,2021-02-16 18:30:00,0,0.0
002047,Costanzana,2021-02-16 18:30:00,4,5.28
002045,Collobiano,2021-02-16 18:30:00,0,0.0
002043,Civiasco,2021-02-16 18:30:00,0,0.0
002042,Cigliano,2021-02-16 18:30:00,12,2.71
002041,Cervatto,2021-02-16 18:30:00,0,0.0
002035,San Giacomo Vercellese,2021-02-16 18:30:00,0,0.0
002033,Casanova Elvo,2021-02-16 18:30:00,0,0.0
002032,Carisio,2021-02-16 18:30:00,0,0.0
002031,Caresanablot,2021-02-16 18:30:00,0,0.0
002030,Caresana,2021-02-16 18:30:00,6,5.67
002029,Carcoforo,2021-02-16 18:30:00,0,0.0
002025,Campertogno,2021-02-16 18:30:00,0,0.0
002021,Buronzo,2021-02-16 18:30:00,0,0.0
002017,Borgo Vercelli,2021-02-16 18:30:00,2,0.89
002016,Borgosesia,2021-02-16 18:30:00,38,3.02
002015,Borgo d'Ale,2021-02-16 18:30:00,1,0.43
002014,Boccioleto,2021-02-16 18:30:00,0,0.0
002011,Bianzè,2021-02-16 18:30:00,7,3.65
002009,Balocco,2021-02-16 18:30:00,0,0.0
002008,Balmuccia,2021-02-16 18:30:00,0,0.0
002007,Asigliano Vercellese,2021-02-16 18:30:00,2,1.39
002006,Arborio,2021-02-16 18:30:00,0,0.0
002004,Alice Castello,2021-02-16 18:30:00,2,0.78
002003,Albano Vercellese,2021-02-16 18:30:00,0,0.0
002002,Alagna Valsesia,2021-02-16 18:30:00,1,1.41
001318,Valchiusa,2021-02-16 18:30:00,0,0.0
001317,Val di Chy,2021-02-16 18:30:00,5,3.9
001316,Mappano,2021-02-16 18:30:00,33,4.5
001315,Volvera,2021-02-16 18:30:00,52,6.02
001314,Volpiano,2021-02-16 18:30:00,51,3.3
001313,Viù,2021-02-16 18:30:00,11,10.83
001312,Vistrorio,2021-02-16 18:30:00,0,0.0
001311,Vische,2021-02-16 18:30:00,4,3.15
001310,Virle Piemonte,2021-02-16 18:30:00,1,0.85
001309,Vinovo,2021-02-16 18:30:00,40,2.64
001308,Villastellone,2021-02-16 18:30:00,12,2.58
001307,Villar Perosa,2021-02-16 18:30:00,33,8.15
001306,Villar Pellice,2021-02-16 18:30:00,14,13.1
001305,Villar Focchiardo,2021-02-16 18:30:00,5,2.54
001304,Villareggia,2021-02-16 18:30:00,4,3.79
001303,Villar Dora,2021-02-16 18:30:00,18,6.22
001302,Villarbasse,2021-02-16 18:30:00,2,0.58
001301,Villanova Canavese,2021-02-16 18:30:00,1,0.83
001300,Villafranca Piemonte,2021-02-16 18:30:00,7,1.52
001299,Vigone,2021-02-16 18:30:00,22,4.26
001298,Vidracco,2021-02-16 18:30:00,3,5.68
001296,Vialfrè,2021-02-16 18:30:00,0,0.0
001295,Vestignè,2021-02-16 18:30:00,5,6.28
001294,Verrua Savoia,2021-02-16 18:30:00,6,4.29
001293,Verolengo,2021-02-16 18:30:00,16,3.31
001292,Venaria Reale,2021-02-16 18:30:00,124,3.69
001291,Venaus,2021-02-16 18:30:00,2,2.27
001290,Vauda Canavese,2021-02-16 18:30:00,4,2.76
001289,Varisella,2021-02-16 18:30:00,0,0.0
001288,Valprato Soana,2021-02-16 18:30:00,0,0.0
001287,Valperga,2021-02-16 18:30:00,14,4.58
001286,Vallo Torinese,2021-02-16 18:30:00,4,5.16
001285,Valgioie,2021-02-16 18:30:00,3,3.13
001284,Val della Torre,2021-02-16 18:30:00,16,4.08
001283,Vaie,2021-02-16 18:30:00,4,2.83
001282,Usseglio,2021-02-16 18:30:00,0,0.0
001281,Usseaux,2021-02-16 18:30:00,0,0.0
001280,Trofarello,2021-02-16 18:30:00,21,1.93
001279,Traves,2021-02-16 18:30:00,0,0.0
001278,Traversella,2021-02-16 18:30:00,2,6.17
001276,Trana,2021-02-16 18:30:00,16,4.18
001275,Torre Pellice,2021-02-16 18:30:00,37,8.07
001274,Torre Canavese,2021-02-16 18:30:00,1,1.66
001273,Torrazza Piemonte,2021-02-16 18:30:00,6,2.03
001272,Torino,2021-02-16 18:30:00,2346,2.68
001271,Tavagnasco,2021-02-16 18:30:00,0,0.0
001270,Susa,2021-02-16 18:30:00,20,3.2
001269,Strambino,2021-02-16 18:30:00,7,1.11
001268,Strambinello,2021-02-16 18:30:00,0,0.0
001267,Sparone,2021-02-16 18:30:00,5,5.15
001266,Settimo Vittone,2021-02-16 18:30:00,2,1.31
001265,Settimo Torinese,2021-02-16 18:30:00,154,3.28
001264,Settimo Rottaro,2021-02-16 18:30:00,0,0.0
001263,Sestriere,2021-02-16 18:30:00,2,2.14
001262,Sciolze,2021-02-16 18:30:00,3,2.07
001261,Scarmagno,2021-02-16 18:30:00,0,0.0
001260,Scalenghe,2021-02-16 18:30:00,15,4.57
001259,Sauze d'Oulx,2021-02-16 18:30:00,1,0.91
001258,Sauze di Cesana,2021-02-16 18:30:00,0,0.0
001257,Santena,2021-02-16 18:30:00,45,4.19
001256,Sant'Antonino di Susa,2021-02-16 18:30:00,5,1.18
001255,Sant'Ambrogio di Torino,2021-02-16 18:30:00,4,0.85
001254,San Secondo di Pinerolo,2021-02-16 18:30:00,12,3.32
001253,San Sebastiano da Po,2021-02-16 18:30:00,4,2.07
001252,San Raffaele Cimena,2021-02-16 18:30:00,20,6.42
001251,San Ponso,2021-02-16 18:30:00,1,3.95
001250,San Pietro Val Lemina,2021-02-16 18:30:00,7,4.94
001249,San Mauro Torinese,2021-02-16 18:30:00,64,3.38
001248,San Maurizio Canavese,2021-02-16 18:30:00,39,3.78
001247,San Martino Canavese,2021-02-16 18:30:00,5,6.12
001246,San Giusto Canavese,2021-02-16 18:30:00,9,2.68
001245,San Giorio di Susa,2021-02-16 18:30:00,4,4.14
001244,San Giorgio Canavese,2021-02-16 18:30:00,7,2.73
001243,San Gillio,2021-02-16 18:30:00,4,1.25
001242,San Germano Chisone,2021-02-16 18:30:00,11,6.25
001241,Sangano,2021-02-16 18:30:00,6,1.6
001240,San Francesco al Campo,2021-02-16 18:30:00,12,2.44
001239,San Didero,2021-02-16 18:30:00,0,0.0
001238,San Colombano Belmonte,2021-02-16 18:30:00,0,0.0
001237,San Carlo Canavese,2021-02-16 18:30:00,13,3.23
001236,San Benigno Canavese,2021-02-16 18:30:00,17,2.82
001235,Samone,2021-02-16 18:30:00,6,3.8
001234,Salza di Pinerolo,2021-02-16 18:30:00,2,25.97
001233,Salerano Canavese,2021-02-16 18:30:00,1,2.11
001232,Salbertrand,2021-02-16 18:30:00,0,0.0
001231,Salassa,2021-02-16 18:30:00,12,6.49
001230,Rueglio,2021-02-16 18:30:00,9,11.58
001229,Rubiana,2021-02-16 18:30:00,6,2.53
001228,Rosta,2021-02-16 18:30:00,25,5.04
001227,Roure,2021-02-16 18:30:00,6,7.53
001226,Rorà,2021-02-16 18:30:00,3,12.66
001225,Rondissone,2021-02-16 18:30:00,3,1.59
001224,Ronco Canavese,2021-02-16 18:30:00,0,0.0
001223,Romano Canavese,2021-02-16 18:30:00,6,2.26
001222,Roletto,2021-02-16 18:30:00,8,3.93
001221,Rocca Canavese,2021-02-16 18:30:00,1,0.58
001220,Robassomero,2021-02-16 18:30:00,6,1.96
001219,Rivoli,2021-02-16 18:30:00,127,2.62
001218,Rivarossa,2021-02-16 18:30:00,6,3.77
001217,Rivarolo Canavese,2021-02-16 18:30:00,64,5.14
001216,Rivara,2021-02-16 18:30:00,5,1.93
001215,Riva presso Chieri,2021-02-16 18:30:00,47,9.9
001214,Rivalta di Torino,2021-02-16 18:30:00,85,4.24
001213,Rivalba,2021-02-16 18:30:00,10,8.67
001212,Ribordone,2021-02-16 18:30:00,0,0.0
001211,Reano,2021-02-16 18:30:00,13,7.33
001210,Quincinetto,2021-02-16 18:30:00,2,1.94
001209,Quassolo,2021-02-16 18:30:00,1,2.9
001208,Quagliuzzo,2021-02-16 18:30:00,0,0.0
001207,Pratiglione,2021-02-16 18:30:00,2,3.89
001206,Prascorsano,2021-02-16 18:30:00,2,2.66
001205,Prarostino,2021-02-16 18:30:00,6,4.68
001204,Pramollo,2021-02-16 18:30:00,1,4.46
001203,Pralormo,2021-02-16 18:30:00,6,3.15
001202,Prali,2021-02-16 18:30:00,0,0.0
001201,Pragelato,2021-02-16 18:30:00,0,0.0
001200,Porte,2021-02-16 18:30:00,5,4.84
001199,Pont-Canavese,2021-02-16 18:30:00,8,2.43
001198,Pomaretto,2021-02-16 18:30:00,4,3.96
001197,Poirino,2021-02-16 18:30:00,38,3.65
001196,Piverone,2021-02-16 18:30:00,0,0.0
001195,Piscina,2021-02-16 18:30:00,7,2.08
001194,Piossasco,2021-02-16 18:30:00,124,6.75
001193,Piobesi Torinese,2021-02-16 18:30:00,9,2.36
001192,Pino Torinese,2021-02-16 18:30:00,17,2.02
001191,Pinerolo,2021-02-16 18:30:00,128,3.54
001190,Pinasca,2021-02-16 18:30:00,18,6.13
001189,Pianezza,2021-02-16 18:30:00,46,2.99
001188,Pessinetto,2021-02-16 18:30:00,0,0.0
001187,Pertusio,2021-02-16 18:30:00,5,6.6
001186,Perrero,2021-02-16 18:30:00,7,10.85
001185,Perosa Canavese,2021-02-16 18:30:00,0,0.0
001184,Perosa Argentina,2021-02-16 18:30:00,14,4.42
001183,Pecetto Torinese,2021-02-16 18:30:00,9,2.22
001181,Pavone Canavese,2021-02-16 18:30:00,2,0.52
001180,Pavarolo,2021-02-16 18:30:00,3,2.64
001179,Parella,2021-02-16 18:30:00,0,0.0
001178,Pancalieri,2021-02-16 18:30:00,3,1.43
001177,Palazzo Canavese,2021-02-16 18:30:00,1,1.19
001176,Ozegna,2021-02-16 18:30:00,12,9.78
001175,Oulx,2021-02-16 18:30:00,4,1.19
001174,Osasio,2021-02-16 18:30:00,3,3.27
001173,Osasco,2021-02-16 18:30:00,6,5.2
001172,Orio Canavese,2021-02-16 18:30:00,3,3.88
001171,Orbassano,2021-02-16 18:30:00,103,4.41
001170,Oglianico,2021-02-16 18:30:00,8,5.37
001169,Novalesa,2021-02-16 18:30:00,8,14.87
001168,None,2021-02-16 18:30:00,31,3.86
001167,Nomaglio,2021-02-16 18:30:00,0,0.0
001166,Nole,2021-02-16 18:30:00,16,2.35
001165,Noasca,2021-02-16 18:30:00,1,8.62
001164,Nichelino,2021-02-16 18:30:00,173,3.64
001163,Moriondo Torinese,2021-02-16 18:30:00,2,2.37
001162,Monteu da Po,2021-02-16 18:30:00,1,1.17
001161,Montanaro,2021-02-16 18:30:00,26,5.02
001160,Montalto Dora,2021-02-16 18:30:00,2,0.59
001159,Montalenghe,2021-02-16 18:30:00,0,0.0
001158,Montaldo Torinese,2021-02-16 18:30:00,2,2.78
001157,Moncenisio,2021-02-16 18:30:00,0,0.0
001156,Moncalieri,2021-02-16 18:30:00,136,2.36
001155,Monastero di Lanzo,2021-02-16 18:30:00,2,5.78
001154,Mompantero,2021-02-16 18:30:00,1,1.54
001153,Mombello di Torino,2021-02-16 18:30:00,5,12.82
001152,Mezzenile,2021-02-16 18:30:00,1,1.25
001150,Mercenasco,2021-02-16 18:30:00,2,1.62
001149,Meana di Susa,2021-02-16 18:30:00,0,0.0
001148,Mazzè,2021-02-16 18:30:00,14,3.38
001147,Mattie,2021-02-16 18:30:00,1,1.49
001146,Mathi,2021-02-16 18:30:00,31,8.06
001145,Massello,2021-02-16 18:30:00,0,0.0
001144,Marentino,2021-02-16 18:30:00,5,3.83
001143,Maglione,2021-02-16 18:30:00,0,0.0
001142,Macello,2021-02-16 18:30:00,12,10.27
001141,Lusigliè,2021-02-16 18:30:00,5,8.79
001140,Lusernetta,2021-02-16 18:30:00,1,2.02
001139,Luserna San Giovanni,2021-02-16 18:30:00,21,2.9
001137,Loranzè,2021-02-16 18:30:00,0,0.0
001136,Lombriasco,2021-02-16 18:30:00,0,0.0
001135,Lombardore,2021-02-16 18:30:00,6,3.46
001134,Locana,2021-02-16 18:30:00,3,2.09
001133,Levone,2021-02-16 18:30:00,0,0.0
001132,Lessolo,2021-02-16 18:30:00,1,0.55
001131,Lemie,2021-02-16 18:30:00,0,0.0
001130,Leini,2021-02-16 18:30:00,61,3.71
001129,Lauriano,2021-02-16 18:30:00,3,2.09
001128,Lanzo Torinese,2021-02-16 18:30:00,34,6.78
001127,La Loggia,2021-02-16 18:30:00,12,1.36
001126,La Cassa,2021-02-16 18:30:00,4,2.22
001125,Ivrea,2021-02-16 18:30:00,37,1.58
001124,Issiglio,2021-02-16 18:30:00,3,7.75
001123,Isolabella,2021-02-16 18:30:00,1,2.61
001122,Inverso Pinasca,2021-02-16 18:30:00,5,7.12
001121,Ingria,2021-02-16 18:30:00,0,0.0
001120,Grugliasco,2021-02-16 18:30:00,119,3.17
001119,Grosso,2021-02-16 18:30:00,4,3.9
001118,Groscavallo,2021-02-16 18:30:00,1,5.03
001117,Gravere,2021-02-16 18:30:00,0,0.0
001116,Givoletto,2021-02-16 18:30:00,15,3.81
001115,Giaveno,2021-02-16 18:30:00,74,4.52
001114,Giaglione,2021-02-16 18:30:00,1,1.64
001113,Germagnano,2021-02-16 18:30:00,10,8.58
001112,Gassino Torinese,2021-02-16 18:30:00,51,5.34
001111,Garzigliana,2021-02-16 18:30:00,3,5.43
001110,Frossasco,2021-02-16 18:30:00,24,8.37
001109,Front,2021-02-16 18:30:00,5,3.05
001108,Frassinetto,2021-02-16 18:30:00,1,3.57
001107,Forno Canavese,2021-02-16 18:30:00,8,2.4
001106,Foglizzo,2021-02-16 18:30:00,12,5.17
001105,Fiorano Canavese,2021-02-16 18:30:00,1,1.3
001104,Fiano,2021-02-16 18:30:00,8,3.0
001103,Fenestrelle,2021-02-16 18:30:00,1,1.96
001102,Feletto,2021-02-16 18:30:00,4,1.77
001101,Favria,2021-02-16 18:30:00,27,5.15
001100,Exilles,2021-02-16 18:30:00,0,0.0
001099,Druento,2021-02-16 18:30:00,72,8.12
001098,Cuorgnè,2021-02-16 18:30:00,24,2.48
001097,Cumiana,2021-02-16 18:30:00,30,3.8
001096,Cuceglio,2021-02-16 18:30:00,3,3.03
001095,Cossano Canavese,2021-02-16 18:30:00,0,0.0
001094,Corio,2021-02-16 18:30:00,11,3.43
001093,Condove,2021-02-16 18:30:00,12,2.61
001092,Colleretto Giacosa,2021-02-16 18:30:00,1,1.75
001091,Colleretto Castelnuovo,2021-02-16 18:30:00,0,0.0
001090,Collegno,2021-02-16 18:30:00,190,3.82
001089,Coazze,2021-02-16 18:30:00,6,1.85
001088,Coassolo Torinese,2021-02-16 18:30:00,3,2.0
001087,Claviere,2021-02-16 18:30:00,1,4.76
001086,Ciriè,2021-02-16 18:30:00,72,3.88
001085,Cinzano,2021-02-16 18:30:00,1,3.03
001084,Cintano,2021-02-16 18:30:00,1,3.97
001083,Ciconio,2021-02-16 18:30:00,0,0.0
001082,Chivasso,2021-02-16 18:30:00,173,6.43
001081,Chiusa di San Michele,2021-02-16 18:30:00,1,0.62
001080,Chiomonte,2021-02-16 18:30:00,2,2.25
001079,Chiesanuova,2021-02-16 18:30:00,0,0.0
001078,Chieri,2021-02-16 18:30:00,137,3.71
001077,Chiaverano,2021-02-16 18:30:00,2,0.97
001076,Chianocco,2021-02-16 18:30:00,2,1.24
001075,Chialamberto,2021-02-16 18:30:00,0,0.0
001074,Cesana Torinese,2021-02-16 18:30:00,1,1.06
001073,Ceresole Reale,2021-02-16 18:30:00,0,0.0
001072,Ceres,2021-02-16 18:30:00,5,4.78
001071,Cercenasco,2021-02-16 18:30:00,7,3.87
001070,Cavour,2021-02-16 18:30:00,17,3.1
001069,Cavagnolo,2021-02-16 18:30:00,12,5.83
001068,Castiglione Torinese,2021-02-16 18:30:00,18,2.77
001067,Castelnuovo Nigra,2021-02-16 18:30:00,1,2.33
001066,Castellamonte,2021-02-16 18:30:00,42,4.22
001065,Castagnole Piemonte,2021-02-16 18:30:00,7,3.12
001064,Castagneto Po,2021-02-16 18:30:00,2,1.12
001063,Caselle Torinese,2021-02-16 18:30:00,67,4.8
001062,Caselette,2021-02-16 18:30:00,11,3.63
001061,Cascinette d'Ivrea,2021-02-16 18:30:00,1,0.66
001060,Casalborgone,2021-02-16 18:30:00,4,2.12
001059,Carmagnola,2021-02-16 18:30:00,111,3.83
001058,Carignano,2021-02-16 18:30:00,29,3.13
001057,Carema,2021-02-16 18:30:00,1,1.3
001056,Caravino,2021-02-16 18:30:00,3,3.33
001055,Caprie,2021-02-16 18:30:00,6,2.88
001054,Cantoira,2021-02-16 18:30:00,0,0.0
001053,Cantalupa,2021-02-16 18:30:00,18,6.87
001052,Canischio,2021-02-16 18:30:00,7,25.27
001051,Candiolo,2021-02-16 18:30:00,32,5.68
001050,Candia Canavese,2021-02-16 18:30:00,4,3.25
001049,Campiglione Fenile,2021-02-16 18:30:00,1,0.75
001048,Cambiano,2021-02-16 18:30:00,25,4.18
001047,Caluso,2021-02-16 18:30:00,25,3.31
001046,Cafasse,2021-02-16 18:30:00,27,7.9
001045,Buttigliera Alta,2021-02-16 18:30:00,28,4.37
001044,Bussoleno,2021-02-16 18:30:00,32,5.39
001043,Busano,2021-02-16 18:30:00,27,16.5
001042,Burolo,2021-02-16 18:30:00,2,1.75
001041,Buriasco,2021-02-16 18:30:00,8,5.92
001040,Bruzolo,2021-02-16 18:30:00,2,1.31
001039,Brusasco,2021-02-16 18:30:00,6,3.93
001038,Bruino,2021-02-16 18:30:00,45,5.17
001037,Brozolo,2021-02-16 18:30:00,1,2.29
001036,Brosso,2021-02-16 18:30:00,0,0.0
001035,Bricherasio,2021-02-16 18:30:00,15,3.25
001034,Brandizzo,2021-02-16 18:30:00,51,5.84
001033,Bosconero,2021-02-16 18:30:00,8,2.55
001032,Borgone Susa,2021-02-16 18:30:00,6,2.72
001031,Borgomasino,2021-02-16 18:30:00,0,0.0
001030,Borgofranco d'Ivrea,2021-02-16 18:30:00,7,1.91
001029,Borgiallo,2021-02-16 18:30:00,5,8.5
001028,Borgaro Torinese,2021-02-16 18:30:00,67,5.62
001027,Bollengo,2021-02-16 18:30:00,0,0.0
001026,Bobbio Pellice,2021-02-16 18:30:00,0,0.0
001025,Bibiana,2021-02-16 18:30:00,17,4.91
001024,Beinasco,2021-02-16 18:30:00,52,2.9
001023,Barone Canavese,2021-02-16 18:30:00,0,0.0
001022,Bardonecchia,2021-02-16 18:30:00,5,1.59
001021,Barbania,2021-02-16 18:30:00,11,6.86
001020,Banchette,2021-02-16 18:30:00,9,2.78
001019,Balme,2021-02-16 18:30:00,0,0.0
001018,Baldissero Torinese,2021-02-16 18:30:00,3,0.82
001017,Baldissero Canavese,2021-02-16 18:30:00,6,11.07
001016,Balangero,2021-02-16 18:30:00,11,3.48
001015,Bairo,2021-02-16 18:30:00,3,3.75
001014,Azeglio,2021-02-16 18:30:00,0,0.0
001013,Avigliana,2021-02-16 18:30:00,62,4.94
001012,Arignano,2021-02-16 18:30:00,6,5.58
001011,Angrogna,2021-02-16 18:30:00,2,2.32
001010,Andrate,2021-02-16 18:30:00,0,0.0
001009,Andezeno,2021-02-16 18:30:00,11,5.46
001008,Alpignano,2021-02-16 18:30:00,47,2.87
001007,Alpette,2021-02-16 18:30:00,0,0.0
001006,Almese,2021-02-16 18:30:00,14,2.2
001004,Albiano d'Ivrea,2021-02-16 18:30:00,3,1.82
001003,Ala di Stura,2021-02-16 18:30:00,0,0.0
001002,Airasca,2021-02-16 18:30:00,18,4.89
001001,Agliè,2021-02-16 18:30:00,12,4.55
